 [
  {
    "id":"1",
    "name":"Leanne Graham",
    "images":"https://i.pinimg.com/originals/e5/5b/33/e55b334266cfb46ce45ef60da6bf3438.png"
  },
  {
    "id":"2",
    "name":"Ervin Howell",
    "images":"https://i.pinimg.com/236x/86/88/0f/86880f4b37fd841748836d483ed49308.jpg"
  },
  {
    "id":"3",
    "name":"Ceren Gündüz",
    "images":"https://i.pinimg.com/236x/4e/a0/a5/4ea0a582ec453b21c504370488eef0a9.jpg"
  },
  { 
    "id":"4",
    "name": "Patricia Lebsack",
    "images":"https://i.pinimg.com/236x/e7/28/24/e7282422ff50cd6dabb6e9a67c36a2e0.jpg"
  },
  {
    "id":"5",
    "name": "Chelsey Dietrich",
    "images":"https://i.pinimg.com/236x/b7/0c/75/b70c757a13b2d216711646fd9e5e6068.jpg"
  },
  {
    "id":"6",
    "name": "Blue.D",
    "images":"https://i.pinimg.com/236x/f6/34/d5/f634d5b0c4ab625d9549edcd9b1225f2.jpg"
  },
  {
    "id":"7",
    "name": "Kurtis Weissnat",
    "images":"https://i.pinimg.com/236x/b1/ff/ed/b1ffedb37be7a024001006589e10a8d7.jpg"
  },
  {
    "id":"8",
    "name": "Clementina DuBuque",
    "images":"https://i.pinimg.com/236x/d8/2c/a7/d82ca7c4f12d83189fa80d6dfb447a62.jpg"
  },
  {
    "id":"9",
    "name": "Glenna Reichert",
    "images":"https://i.pinimg.com/236x/0c/1c/e8/0c1ce8b381942ab9bc888f34ae92cc0c.jpg"
  },
  {
    "id":"10",
    "name": "Eda Altun",
    "images":"https://i.pinimg.com/236x/a0/af/04/a0af04335664c120f61605034e0b6191.jpg"
  }
  
]
